"Source:","/home/jeff/projects/2022/bugg-v3/repos/bugg-hardware-led/r4/src/bugg-led-r4.kicad_sch"
"Date:","Fri 25 Nov 2022 18:38:46 GMT"
"Tool:","Eeschema 6.99.0-1.20221101gitf80c150.fc36"
"Generator:","/home/jeff/tools/kicad/jeff-bom-generator/bom_csv_grouped_by_value_with_fp_include_voltages_and_tolerances.py"
"Component Count:","14"
"Ref","Qnty","Value","Voltage","Tolerance","Tempco","Power","Cmp name","Footprint","Description","Vendor"
"J201, ","1","2314844-8","","","","","Conn_02x04_Odd_Even","jeffmakes-footprints:PinSocket_2x04_P2.00mm_Vertical_SMD_Bottom_or_Top_Entry_AMPMODU","Generic connector, double row, 02x04, odd/even pin numbering scheme (row 1 odd numbers, row 2 even numbers), script generated (kicad-library-utils/schlib/autogen/connector/)",""
"J202, ","1","FH12A-20S-0.5SH","","","","","Conn_01x20_MountingPin","Connector_FFC-FPC:Hirose_FH12-20S-0.5SH_1x20-1MP_P0.50mm_Horizontal","Generic connectable mounting pin connector, single row, 01x20, script generated (kicad-library-utils/schlib/autogen/connector/)",""
"LED201, LED202, LED203, ","3","IN-P32TATRGB","","","","","LED_RABG","LED_SMD:LED_Avago_PLCC4_3.2x2.8mm_CW","RGB LED, red/anode/blue/green",""
"R201, R202, R203, ","3","22k","","","","","R","Resistor_SMD:R_0603_1608Metric","Resistor",""
"R204, R205, R206, ","3","39k","","","","","R","Resistor_SMD:R_0603_1608Metric","Resistor",""
"R207, R208, R209, ","3","10k","","","","","R","Resistor_SMD:R_0603_1608Metric","Resistor",""
